-- MySQL Script generated by MySQL Workbench
-- Fri Jan 24 16:06:01 2020
-- Model: New Model    Version: 1.0
-- MySQL Workbench Forward Engineering

SET @OLD_UNIQUE_CHECKS=@@UNIQUE_CHECKS, UNIQUE_CHECKS=0;
SET @OLD_FOREIGN_KEY_CHECKS=@@FOREIGN_KEY_CHECKS, FOREIGN_KEY_CHECKS=0;
SET @OLD_SQL_MODE=@@SQL_MODE, SQL_MODE='TRADITIONAL,ALLOW_INVALID_DATES';

-- -----------------------------------------------------
-- Schema Autofpa
-- -----------------------------------------------------
DROP SCHEMA IF EXISTS `Autofpa` ;

-- -----------------------------------------------------
-- Schema Autofpa
-- -----------------------------------------------------
CREATE SCHEMA IF NOT EXISTS `Autofpa` DEFAULT CHARACTER SET utf8 ;
USE `Autofpa` ;

-- -----------------------------------------------------
-- Table `Autofpa`.`TypesVehicule`
-- -----------------------------------------------------
DROP TABLE IF EXISTS `Autofpa`.`TypesVehicule` ;

CREATE TABLE IF NOT EXISTS `Autofpa`.`TypesVehicule` (
  `idTypesVehicule` INT NOT NULL AUTO_INCREMENT,
  `typeVehicule` VARCHAR(45) NOT NULL,
  PRIMARY KEY (`idTypesVehicule`),
  UNIQUE INDEX `idTypes_UNIQUE` (`idTypesVehicule` ASC))
ENGINE = InnoDB;


-- -----------------------------------------------------
-- Table `Autofpa`.`Marques`
-- -----------------------------------------------------
DROP TABLE IF EXISTS `Autofpa`.`Marques` ;

CREATE TABLE IF NOT EXISTS `Autofpa`.`Marques` (
  `idMarques` INT NOT NULL AUTO_INCREMENT,
  `marque` VARCHAR(45) NOT NULL,
  PRIMARY KEY (`idMarques`),
  UNIQUE INDEX `idMarques_UNIQUE` (`idMarques` ASC))
ENGINE = InnoDB;


-- -----------------------------------------------------
-- Table `Autofpa`.`Villes`
-- -----------------------------------------------------
DROP TABLE IF EXISTS `Autofpa`.`Villes` ;

CREATE TABLE IF NOT EXISTS `Autofpa`.`Villes` (
  `idVilles` INT NOT NULL AUTO_INCREMENT,
  `codePostal` INT NOT NULL,
  `ville` VARCHAR(100) NOT NULL,
  PRIMARY KEY (`idVilles`),
  UNIQUE INDEX `idVilles_UNIQUE` (`idVilles` ASC))
ENGINE = InnoDB;


-- -----------------------------------------------------
-- Table `Autofpa`.`Adresses`
-- -----------------------------------------------------
DROP TABLE IF EXISTS `Autofpa`.`Adresses` ;

CREATE TABLE IF NOT EXISTS `Autofpa`.`Adresses` (
  `idAdresses` INT NOT NULL AUTO_INCREMENT,
  `numeroRue` VARCHAR(45) NULL,
  `complNumeroRue` VARCHAR(5) NULL,
  `nomRue` VARCHAR(255) NULL,
  `complNomRue` VARCHAR(255) NULL,
  `idVilles` INT NOT NULL,
  PRIMARY KEY (`idAdresses`, `idVilles`),
  UNIQUE INDEX `idAdresses_UNIQUE` (`idAdresses` ASC),
  INDEX `fk_Adresses_Villes1_idx` (`idVilles` ASC),
  CONSTRAINT `fk_Adresses_Villes1`
    FOREIGN KEY (`idVilles`)
    REFERENCES `Autofpa`.`Villes` (`idVilles`)
    ON DELETE CASCADE
    ON UPDATE CASCADE)
ENGINE = InnoDB;


-- -----------------------------------------------------
-- Table `Autofpa`.`Modeles`
-- -----------------------------------------------------
DROP TABLE IF EXISTS `Autofpa`.`Modeles` ;

CREATE TABLE IF NOT EXISTS `Autofpa`.`Modeles` (
  `idModeles` INT NOT NULL AUTO_INCREMENT,
  `modele` VARCHAR(45) NOT NULL,
  PRIMARY KEY (`idModeles`),
  UNIQUE INDEX `idModeles_UNIQUE` (`idModeles` ASC))
ENGINE = InnoDB;


-- -----------------------------------------------------
-- Table `Autofpa`.`Motorisation`
-- -----------------------------------------------------
DROP TABLE IF EXISTS `Autofpa`.`Motorisation` ;

CREATE TABLE IF NOT EXISTS `Autofpa`.`Motorisation` (
  `idMotorisation` INT NOT NULL AUTO_INCREMENT,
  `typeMotorisation` VARCHAR(45) NOT NULL,
  PRIMARY KEY (`idMotorisation`),
  UNIQUE INDEX `idMotorisation_UNIQUE` (`idMotorisation` ASC))
ENGINE = InnoDB;


-- -----------------------------------------------------
-- Table `Autofpa`.`Vehicules`
-- -----------------------------------------------------
DROP TABLE IF EXISTS `Autofpa`.`Vehicules` ;

CREATE TABLE IF NOT EXISTS `Autofpa`.`Vehicules` (
  `idVehicules` INT NOT NULL AUTO_INCREMENT,
  `immatriculation` VARCHAR(45) NOT NULL,
  `description` VARCHAR(255) NOT NULL,
  `puissance` INT NOT NULL,
  `prixHT` DECIMAL(10,2) NOT NULL,
  `Annee` DATE NOT NULL,
  `kilometrage` INT NOT NULL,
  `idAdresses` INT NOT NULL,
  `idModeles` INT NOT NULL,
  `idMarques` INT NOT NULL,
  `idTypesVehicule` INT NOT NULL,
  `idMotorisation` INT NOT NULL,
  PRIMARY KEY (`idVehicules`, `idAdresses`, `idModeles`, `idMarques`, `idTypesVehicule`, `idMotorisation`),
  UNIQUE INDEX `idVehicules_UNIQUE` (`idVehicules` ASC),
  INDEX `fk_Vehicules_Adresses1_idx` (`idAdresses` ASC),
  INDEX `fk_Vehicules_Modeles1_idx` (`idModeles` ASC),
  INDEX `fk_Vehicules_Marques1_idx` (`idMarques` ASC),
  INDEX `fk_Vehicules_TypesVehicule1_idx` (`idTypesVehicule` ASC),
  INDEX `fk_Vehicules_Motorisation1_idx` (`idMotorisation` ASC),
  CONSTRAINT `fk_Vehicules_Adresses1`
    FOREIGN KEY (`idAdresses`)
    REFERENCES `Autofpa`.`Adresses` (`idAdresses`)
    ON DELETE CASCADE
    ON UPDATE CASCADE,
  CONSTRAINT `fk_Vehicules_Modeles1`
    FOREIGN KEY (`idModeles`)
    REFERENCES `Autofpa`.`Modeles` (`idModeles`)
    ON DELETE CASCADE
    ON UPDATE CASCADE,
  CONSTRAINT `fk_Vehicules_Marques1`
    FOREIGN KEY (`idMarques`)
    REFERENCES `Autofpa`.`Marques` (`idMarques`)
    ON DELETE CASCADE
    ON UPDATE CASCADE,
  CONSTRAINT `fk_Vehicules_TypesVehicule1`
    FOREIGN KEY (`idTypesVehicule`)
    REFERENCES `Autofpa`.`TypesVehicule` (`idTypesVehicule`)
    ON DELETE CASCADE
    ON UPDATE CASCADE,
  CONSTRAINT `fk_Vehicules_Motorisation1`
    FOREIGN KEY (`idMotorisation`)
    REFERENCES `Autofpa`.`Motorisation` (`idMotorisation`)
    ON DELETE CASCADE
    ON UPDATE CASCADE)
ENGINE = InnoDB;


-- -----------------------------------------------------
-- Table `Autofpa`.`Options`
-- -----------------------------------------------------
DROP TABLE IF EXISTS `Autofpa`.`Options` ;

CREATE TABLE IF NOT EXISTS `Autofpa`.`Options` (
  `idOptions` INT NOT NULL AUTO_INCREMENT,
  `typeOption` VARCHAR(45) NOT NULL,
  PRIMARY KEY (`idOptions`),
  UNIQUE INDEX `idOptions_UNIQUE` (`idOptions` ASC))
ENGINE = InnoDB;


-- -----------------------------------------------------
-- Table `Autofpa`.`TypesClients`
-- -----------------------------------------------------
DROP TABLE IF EXISTS `Autofpa`.`TypesClients` ;

CREATE TABLE IF NOT EXISTS `Autofpa`.`TypesClients` (
  `idTypesClients` INT NOT NULL AUTO_INCREMENT,
  `typeClient` VARCHAR(45) NOT NULL,
  PRIMARY KEY (`idTypesClients`),
  UNIQUE INDEX `idTypesClients_UNIQUE` (`idTypesClients` ASC))
ENGINE = InnoDB;


-- -----------------------------------------------------
-- Table `Autofpa`.`Clients`
-- -----------------------------------------------------
DROP TABLE IF EXISTS `Autofpa`.`Clients` ;

CREATE TABLE IF NOT EXISTS `Autofpa`.`Clients` (
  `idClients` INT NOT NULL AUTO_INCREMENT,
  `societe` VARCHAR(100) NOT NULL,
  `nomClient` VARCHAR(255) NOT NULL,
  `prenomClient` VARCHAR(255) NOT NULL,
  `numeroTel` VARCHAR(45) NOT NULL,
  `email` VARCHAR(255) NOT NULL,
  `tvaApplicable` VARCHAR(3) NOT NULL,
  `idTypesClients` INT NOT NULL,
  `idAdresses` INT NOT NULL,
  PRIMARY KEY (`idClients`, `idTypesClients`, `idAdresses`),
  UNIQUE INDEX `idClients_UNIQUE` (`idClients` ASC),
  INDEX `fk_Clients_TypesClients_idx` (`idTypesClients` ASC),
  INDEX `fk_Clients_Adresses1_idx` (`idAdresses` ASC),
  CONSTRAINT `fk_Clients_TypesClients`
    FOREIGN KEY (`idTypesClients`)
    REFERENCES `Autofpa`.`TypesClients` (`idTypesClients`)
    ON DELETE CASCADE
    ON UPDATE CASCADE,
  CONSTRAINT `fk_Clients_Adresses1`
    FOREIGN KEY (`idAdresses`)
    REFERENCES `Autofpa`.`Adresses` (`idAdresses`)
    ON DELETE CASCADE
    ON UPDATE CASCADE)
ENGINE = InnoDB;


-- -----------------------------------------------------
-- Table `Autofpa`.`VehiculesOptions`
-- -----------------------------------------------------
DROP TABLE IF EXISTS `Autofpa`.`VehiculesOptions` ;

CREATE TABLE IF NOT EXISTS `Autofpa`.`VehiculesOptions` (
  `idVehicules` INT NOT NULL,
  `idOptions` INT NOT NULL,
  PRIMARY KEY (`idVehicules`, `idOptions`),
  INDEX `fk_Vehicules_has_Options_Options1_idx` (`idOptions` ASC),
  INDEX `fk_Vehicules_has_Options_Vehicules1_idx` (`idVehicules` ASC),
  CONSTRAINT `fk_Vehicules_has_Options_Vehicules1`
    FOREIGN KEY (`idVehicules`)
    REFERENCES `Autofpa`.`Vehicules` (`idVehicules`)
    ON DELETE CASCADE
    ON UPDATE CASCADE,
  CONSTRAINT `fk_Vehicules_has_Options_Options1`
    FOREIGN KEY (`idOptions`)
    REFERENCES `Autofpa`.`Options` (`idOptions`)
    ON DELETE CASCADE
    ON UPDATE CASCADE)
ENGINE = InnoDB;


-- -----------------------------------------------------
-- Table `Autofpa`.`Photos`
-- -----------------------------------------------------
DROP TABLE IF EXISTS `Autofpa`.`Photos` ;

CREATE TABLE IF NOT EXISTS `Autofpa`.`Photos` (
  `idPhotos` INT NOT NULL AUTO_INCREMENT,
  `nomPhoto` VARCHAR(255) NOT NULL,
  `idVehicules` INT NOT NULL,
  PRIMARY KEY (`idPhotos`, `idVehicules`),
  UNIQUE INDEX `idPhotos_UNIQUE` (`idPhotos` ASC),
  INDEX `fk_Photos_Vehicules1_idx` (`idVehicules` ASC),
  CONSTRAINT `fk_Photos_Vehicules1`
    FOREIGN KEY (`idVehicules`)
    REFERENCES `Autofpa`.`Vehicules` (`idVehicules`)
    ON DELETE CASCADE
    ON UPDATE CASCADE)
ENGINE = InnoDB;


SET SQL_MODE=@OLD_SQL_MODE;
SET FOREIGN_KEY_CHECKS=@OLD_FOREIGN_KEY_CHECKS;
SET UNIQUE_CHECKS=@OLD_UNIQUE_CHECKS;

-- -----------------------------------------------------
-- Data for table `Autofpa`.`TypesVehicule`
-- -----------------------------------------------------
START TRANSACTION;
USE `Autofpa`;
INSERT INTO `Autofpa`.`TypesVehicule` (`idTypesVehicule`, `typeVehicule`) VALUES (1, 'Tourisme');
INSERT INTO `Autofpa`.`TypesVehicule` (`idTypesVehicule`, `typeVehicule`) VALUES (2, 'Sport');
INSERT INTO `Autofpa`.`TypesVehicule` (`idTypesVehicule`, `typeVehicule`) VALUES (3, 'Utilitaire');
INSERT INTO `Autofpa`.`TypesVehicule` (`idTypesVehicule`, `typeVehicule`) VALUES (4, 'SUV');

COMMIT;


-- -----------------------------------------------------
-- Data for table `Autofpa`.`Marques`
-- -----------------------------------------------------
START TRANSACTION;
USE `Autofpa`;
INSERT INTO `Autofpa`.`Marques` (`idMarques`, `marque`) VALUES (1, 'BMW');
INSERT INTO `Autofpa`.`Marques` (`idMarques`, `marque`) VALUES (2, 'MERCEDES');
INSERT INTO `Autofpa`.`Marques` (`idMarques`, `marque`) VALUES (3, 'LADA');
INSERT INTO `Autofpa`.`Marques` (`idMarques`, `marque`) VALUES (4, 'RENAULT');
INSERT INTO `Autofpa`.`Marques` (`idMarques`, `marque`) VALUES (5, 'TOYOTA');
INSERT INTO `Autofpa`.`Marques` (`idMarques`, `marque`) VALUES (6, 'AUDI');

COMMIT;


-- -----------------------------------------------------
-- Data for table `Autofpa`.`Villes`
-- -----------------------------------------------------
START TRANSACTION;
USE `Autofpa`;
INSERT INTO `Autofpa`.`Villes` (`idVilles`, `codePostal`, `ville`) VALUES (1, 59000, 'LILLE');
INSERT INTO `Autofpa`.`Villes` (`idVilles`, `codePostal`, `ville`) VALUES (2, 59500, 'DOUAI');
INSERT INTO `Autofpa`.`Villes` (`idVilles`, `codePostal`, `ville`) VALUES (3, 62620, 'BARLIN');
INSERT INTO `Autofpa`.`Villes` (`idVilles`, `codePostal`, `ville`) VALUES (4, 60600, 'CLERMONT');

COMMIT;


-- -----------------------------------------------------
-- Data for table `Autofpa`.`Adresses`
-- -----------------------------------------------------
START TRANSACTION;
USE `Autofpa`;
INSERT INTO `Autofpa`.`Adresses` (`idAdresses`, `numeroRue`, `complNumeroRue`, `nomRue`, `complNomRue`, `idVilles`) VALUES (1, '3', NULL, 'Rue de la Commanderie', NULL, 1);
INSERT INTO `Autofpa`.`Adresses` (`idAdresses`, `numeroRue`, `complNumeroRue`, `nomRue`, `complNomRue`, `idVilles`) VALUES (2, '45', NULL, 'Rue de la Gare', NULL, 1);
INSERT INTO `Autofpa`.`Adresses` (`idAdresses`, `numeroRue`, `complNumeroRue`, `nomRue`, `complNomRue`, `idVilles`) VALUES (3, NULL, NULL, 'Rue de la Pierotte', NULL, 2);
INSERT INTO `Autofpa`.`Adresses` (`idAdresses`, `numeroRue`, `complNumeroRue`, `nomRue`, `complNomRue`, `idVilles`) VALUES (4, '252', 'Bis', 'Rue de la Mouette', NULL, 1);
INSERT INTO `Autofpa`.`Adresses` (`idAdresses`, `numeroRue`, `complNumeroRue`, `nomRue`, `complNomRue`, `idVilles`) VALUES (5, '53', NULL, 'Avenue de Montaigne', NULL, 3);
INSERT INTO `Autofpa`.`Adresses` (`idAdresses`, `numeroRue`, `complNumeroRue`, `nomRue`, `complNomRue`, `idVilles`) VALUES (6, '25 - 33', NULL, 'Rue du Rhum', NULL, 4);
INSERT INTO `Autofpa`.`Adresses` (`idAdresses`, `numeroRue`, `complNumeroRue`, `nomRue`, `complNomRue`, `idVilles`) VALUES (7, '99', 'Ter', 'Rue de la Ville Haute', NULL, 2);
INSERT INTO `Autofpa`.`Adresses` (`idAdresses`, `numeroRue`, `complNumeroRue`, `nomRue`, `complNomRue`, `idVilles`) VALUES (8, '256', NULL, 'Rue de la Liberté', NULL, 2);
INSERT INTO `Autofpa`.`Adresses` (`idAdresses`, `numeroRue`, `complNumeroRue`, `nomRue`, `complNomRue`, `idVilles`) VALUES (9, '9', NULL, 'Rue de la Ville d\'en face', NULL, 1);
INSERT INTO `Autofpa`.`Adresses` (`idAdresses`, `numeroRue`, `complNumeroRue`, `nomRue`, `complNomRue`, `idVilles`) VALUES (10, '52', NULL, 'Rue de la Ville de derrière', NULL, 1);
INSERT INTO `Autofpa`.`Adresses` (`idAdresses`, `numeroRue`, `complNumeroRue`, `nomRue`, `complNomRue`, `idVilles`) VALUES (11, '53', NULL, 'Avenue des Chacals', NULL, 3);

COMMIT;


-- -----------------------------------------------------
-- Data for table `Autofpa`.`Modeles`
-- -----------------------------------------------------
START TRANSACTION;
USE `Autofpa`;
INSERT INTO `Autofpa`.`Modeles` (`idModeles`, `modele`) VALUES (1, 'X6');
INSERT INTO `Autofpa`.`Modeles` (`idModeles`, `modele`) VALUES (2, 'Clio');
INSERT INTO `Autofpa`.`Modeles` (`idModeles`, `modele`) VALUES (3, 'A1');
INSERT INTO `Autofpa`.`Modeles` (`idModeles`, `modele`) VALUES (4, 'M3');
INSERT INTO `Autofpa`.`Modeles` (`idModeles`, `modele`) VALUES (5, 'Niva');
INSERT INTO `Autofpa`.`Modeles` (`idModeles`, `modele`) VALUES (6, '330');
INSERT INTO `Autofpa`.`Modeles` (`idModeles`, `modele`) VALUES (7, 'A4');
INSERT INTO `Autofpa`.`Modeles` (`idModeles`, `modele`) VALUES (8, 'Yaris');

COMMIT;


-- -----------------------------------------------------
-- Data for table `Autofpa`.`Motorisation`
-- -----------------------------------------------------
START TRANSACTION;
USE `Autofpa`;
INSERT INTO `Autofpa`.`Motorisation` (`idMotorisation`, `typeMotorisation`) VALUES (1, 'Essence');
INSERT INTO `Autofpa`.`Motorisation` (`idMotorisation`, `typeMotorisation`) VALUES (2, 'Diesel');
INSERT INTO `Autofpa`.`Motorisation` (`idMotorisation`, `typeMotorisation`) VALUES (3, 'GPL');
INSERT INTO `Autofpa`.`Motorisation` (`idMotorisation`, `typeMotorisation`) VALUES (4, 'Electrique');
INSERT INTO `Autofpa`.`Motorisation` (`idMotorisation`, `typeMotorisation`) VALUES (5, 'Hybride');

COMMIT;


-- -----------------------------------------------------
-- Data for table `Autofpa`.`Vehicules`
-- -----------------------------------------------------
START TRANSACTION;
USE `Autofpa`;
INSERT INTO `Autofpa`.`Vehicules` (`idVehicules`, `immatriculation`, `description`, `puissance`, `prixHT`, `Annee`, `kilometrage`, `idAdresses`, `idModeles`, `idMarques`, `idTypesVehicule`, `idMotorisation`) VALUES (1, 'RE-565-FD', 'Un SUV de caractère', 28, 55000, '2018-01-01', 15454, 2, 1, 1, 4, 5);
INSERT INTO `Autofpa`.`Vehicules` (`idVehicules`, `immatriculation`, `description`, `puissance`, `prixHT`, `Annee`, `kilometrage`, `idAdresses`, `idModeles`, `idMarques`, `idTypesVehicule`, `idMotorisation`) VALUES (2, 'AS-256-FR', 'Un SUV tout en puissance', 28, 60000, '2019-01-01', 2012, 1, 1, 1, 4, 5);
INSERT INTO `Autofpa`.`Vehicules` (`idVehicules`, `immatriculation`, `description`, `puissance`, `prixHT`, `Annee`, `kilometrage`, `idAdresses`, `idModeles`, `idMarques`, `idTypesVehicule`, `idMotorisation`) VALUES (3, 'DD-454-EE', 'Elle ne tombe jamais en panne', 5, 500, '1995-01-01', 350000, 2, 2, 4, 1, 1);
INSERT INTO `Autofpa`.`Vehicules` (`idVehicules`, `immatriculation`, `description`, `puissance`, `prixHT`, `Annee`, `kilometrage`, `idAdresses`, `idModeles`, `idMarques`, `idTypesVehicule`, `idMotorisation`) VALUES (4, 'GG-114-FR', 'Intérieur cuir', 8, 12000, '2002-01-01', 56000, 1, 7, 6, 1, 2);
INSERT INTO `Autofpa`.`Vehicules` (`idVehicules`, `immatriculation`, `description`, `puissance`, `prixHT`, `Annee`, `kilometrage`, `idAdresses`, `idModeles`, `idMarques`, `idTypesVehicule`, `idMotorisation`) VALUES (5, 'HK-152-KH', 'Roulez Vert !', 7, 11250, '2015-01-01', 57898, 2, 8, 5, 1, 4);
INSERT INTO `Autofpa`.`Vehicules` (`idVehicules`, `immatriculation`, `description`, `puissance`, `prixHT`, `Annee`, `kilometrage`, `idAdresses`, `idModeles`, `idMarques`, `idTypesVehicule`, `idMotorisation`) VALUES (6, 'ZZ-123-ZZ', 'PhpStorm version voiture !', 13, 750000, '2017-01-01', 43000, 2, 3, 2, 2, 3);
INSERT INTO `Autofpa`.`Vehicules` (`idVehicules`, `immatriculation`, `description`, `puissance`, `prixHT`, `Annee`, `kilometrage`, `idAdresses`, `idModeles`, `idMarques`, `idTypesVehicule`, `idMotorisation`) VALUES (7, 'HA-555-AH', 'Economique camarade !', 4, 100, '1986-01-01', 570000, 2, 5, 3, 1, 1);
INSERT INTO `Autofpa`.`Vehicules` (`idVehicules`, `immatriculation`, `description`, `puissance`, `prixHT`, `Annee`, `kilometrage`, `idAdresses`, `idModeles`, `idMarques`, `idTypesVehicule`, `idMotorisation`) VALUES (8, 'TT-000-TT', 'Hybride et pas cher !', 9, 19000, '2018-02-01', 32000, 1, 7, 6, 1, 5);
INSERT INTO `Autofpa`.`Vehicules` (`idVehicules`, `immatriculation`, `description`, `puissance`, `prixHT`, `Annee`, `kilometrage`, `idAdresses`, `idModeles`, `idMarques`, `idTypesVehicule`, `idMotorisation`) VALUES (9, 'HG-546-DD', 'Prête pour le boulot', 4, 1000, '1990-01-01', 350000, 2, 2, 4, 3, 2);
INSERT INTO `Autofpa`.`Vehicules` (`idVehicules`, `immatriculation`, `description`, `puissance`, `prixHT`, `Annee`, `kilometrage`, `idAdresses`, `idModeles`, `idMarques`, `idTypesVehicule`, `idMotorisation`) VALUES (10, 'PO-375-OP', 'Notre X6 qui pète sa race !', 28, 70000, '2020-01-01', 1000, 1, 1, 1, 4, 5);

COMMIT;


-- -----------------------------------------------------
-- Data for table `Autofpa`.`Options`
-- -----------------------------------------------------
START TRANSACTION;
USE `Autofpa`;
INSERT INTO `Autofpa`.`Options` (`idOptions`, `typeOption`) VALUES (1, 'Climatisation');
INSERT INTO `Autofpa`.`Options` (`idOptions`, `typeOption`) VALUES (2, 'GPS');
INSERT INTO `Autofpa`.`Options` (`idOptions`, `typeOption`) VALUES (3, 'pneus 19 pouces');
INSERT INTO `Autofpa`.`Options` (`idOptions`, `typeOption`) VALUES (4, 'Vitres électriques');
INSERT INTO `Autofpa`.`Options` (`idOptions`, `typeOption`) VALUES (5, 'Siège chauffant');
INSERT INTO `Autofpa`.`Options` (`idOptions`, `typeOption`) VALUES (6, 'Lecteur DVD sur repose-tête');

COMMIT;


-- -----------------------------------------------------
-- Data for table `Autofpa`.`TypesClients`
-- -----------------------------------------------------
START TRANSACTION;
USE `Autofpa`;
INSERT INTO `Autofpa`.`TypesClients` (`idTypesClients`, `typeClient`) VALUES (1, 'Particulier');
INSERT INTO `Autofpa`.`TypesClients` (`idTypesClients`, `typeClient`) VALUES (2, 'Professionnel');
INSERT INTO `Autofpa`.`TypesClients` (`idTypesClients`, `typeClient`) VALUES (3, 'Association');

COMMIT;


-- -----------------------------------------------------
-- Data for table `Autofpa`.`Clients`
-- -----------------------------------------------------
START TRANSACTION;
USE `Autofpa`;
INSERT INTO `Autofpa`.`Clients` (`idClients`, `societe`, `nomClient`, `prenomClient`, `numeroTel`, `email`, `tvaApplicable`, `idTypesClients`, `idAdresses`) VALUES (1, DEFAULT, 'Lambert', 'Jacques', '0321569832', 'J-Lambert@gmail.com', 'Oui', 1, 1);
INSERT INTO `Autofpa`.`Clients` (`idClients`, `societe`, `nomClient`, `prenomClient`, `numeroTel`, `email`, `tvaApplicable`, `idTypesClients`, `idAdresses`) VALUES (2, 'La Cave à John', 'Doe', 'John', '0125653256', 'johndking@yahoo.com', 'Non', 2, 4);
INSERT INTO `Autofpa`.`Clients` (`idClients`, `societe`, `nomClient`, `prenomClient`, `numeroTel`, `email`, `tvaApplicable`, `idTypesClients`, `idAdresses`) VALUES (3, DEFAULT, 'Chanel', 'Ginette', '0412012245', 'gigi25001@wanadoo.fr', 'Oui', 1, 5);
INSERT INTO `Autofpa`.`Clients` (`idClients`, `societe`, `nomClient`, `prenomClient`, `numeroTel`, `email`, `tvaApplicable`, `idTypesClients`, `idAdresses`) VALUES (4, DEFAULT, 'Penalty', 'Michel', '0354565212', 'fandefoot45@gmail.com', 'Oui', 1, 6);
INSERT INTO `Autofpa`.`Clients` (`idClients`, `societe`, `nomClient`, `prenomClient`, `numeroTel`, `email`, `tvaApplicable`, `idTypesClients`, `idAdresses`) VALUES (5, 'Pizzeria Chez Robin des Bois', 'Lomme', 'Robin', '0321155147', 'robindesbois45@free.fr', 'Non', 2, 7);
INSERT INTO `Autofpa`.`Clients` (`idClients`, `societe`, `nomClient`, `prenomClient`, `numeroTel`, `email`, `tvaApplicable`, `idTypesClients`, `idAdresses`) VALUES (6, 'Baccardi & Co.', 'Mojito', 'Max', '0124545487', 'maxunpetitverreonasoif@gmail.com', 'Non', 2, 8);
INSERT INTO `Autofpa`.`Clients` (`idClients`, `societe`, `nomClient`, `prenomClient`, `numeroTel`, `email`, `tvaApplicable`, `idTypesClients`, `idAdresses`) VALUES (7, DEFAULT, 'Barlin', 'Jules', '0321002122', 'juju2325@free.fr', 'Oui', 1, 9);
INSERT INTO `Autofpa`.`Clients` (`idClients`, `societe`, `nomClient`, `prenomClient`, `numeroTel`, `email`, `tvaApplicable`, `idTypesClients`, `idAdresses`) VALUES (8, DEFAULT, 'Ramadanatanata', 'Yves', '0321212121', 'ramadugers@wanadoo.fr', 'Oui', 1, 10);
INSERT INTO `Autofpa`.`Clients` (`idClients`, `societe`, `nomClient`, `prenomClient`, `numeroTel`, `email`, `tvaApplicable`, `idTypesClients`, `idAdresses`) VALUES (9, 'Les devs en colère', 'Javascript', 'Jaime', '0212454545', 'frontEndForEver@free.fr', 'Non', 3, 11);

COMMIT;


-- -----------------------------------------------------
-- Data for table `Autofpa`.`VehiculesOptions`
-- -----------------------------------------------------
START TRANSACTION;
USE `Autofpa`;
INSERT INTO `Autofpa`.`VehiculesOptions` (`idVehicules`, `idOptions`) VALUES (1, 1);
INSERT INTO `Autofpa`.`VehiculesOptions` (`idVehicules`, `idOptions`) VALUES (1, 2);
INSERT INTO `Autofpa`.`VehiculesOptions` (`idVehicules`, `idOptions`) VALUES (1, 3);
INSERT INTO `Autofpa`.`VehiculesOptions` (`idVehicules`, `idOptions`) VALUES (1, 4);
INSERT INTO `Autofpa`.`VehiculesOptions` (`idVehicules`, `idOptions`) VALUES (1, 5);
INSERT INTO `Autofpa`.`VehiculesOptions` (`idVehicules`, `idOptions`) VALUES (1, 6);
INSERT INTO `Autofpa`.`VehiculesOptions` (`idVehicules`, `idOptions`) VALUES (2, 1);
INSERT INTO `Autofpa`.`VehiculesOptions` (`idVehicules`, `idOptions`) VALUES (2, 2);
INSERT INTO `Autofpa`.`VehiculesOptions` (`idVehicules`, `idOptions`) VALUES (2, 3);
INSERT INTO `Autofpa`.`VehiculesOptions` (`idVehicules`, `idOptions`) VALUES (2, 4);
INSERT INTO `Autofpa`.`VehiculesOptions` (`idVehicules`, `idOptions`) VALUES (2, 5);
INSERT INTO `Autofpa`.`VehiculesOptions` (`idVehicules`, `idOptions`) VALUES (2, 6);
INSERT INTO `Autofpa`.`VehiculesOptions` (`idVehicules`, `idOptions`) VALUES (10, 1);
INSERT INTO `Autofpa`.`VehiculesOptions` (`idVehicules`, `idOptions`) VALUES (10, 2);
INSERT INTO `Autofpa`.`VehiculesOptions` (`idVehicules`, `idOptions`) VALUES (10, 3);
INSERT INTO `Autofpa`.`VehiculesOptions` (`idVehicules`, `idOptions`) VALUES (10, 4);
INSERT INTO `Autofpa`.`VehiculesOptions` (`idVehicules`, `idOptions`) VALUES (10, 5);
INSERT INTO `Autofpa`.`VehiculesOptions` (`idVehicules`, `idOptions`) VALUES (10, 6);
INSERT INTO `Autofpa`.`VehiculesOptions` (`idVehicules`, `idOptions`) VALUES (3, 1);
INSERT INTO `Autofpa`.`VehiculesOptions` (`idVehicules`, `idOptions`) VALUES (3, 2);
INSERT INTO `Autofpa`.`VehiculesOptions` (`idVehicules`, `idOptions`) VALUES (4, 2);
INSERT INTO `Autofpa`.`VehiculesOptions` (`idVehicules`, `idOptions`) VALUES (5, 1);
INSERT INTO `Autofpa`.`VehiculesOptions` (`idVehicules`, `idOptions`) VALUES (6, 4);
INSERT INTO `Autofpa`.`VehiculesOptions` (`idVehicules`, `idOptions`) VALUES (7, 1);
INSERT INTO `Autofpa`.`VehiculesOptions` (`idVehicules`, `idOptions`) VALUES (7, 2);
INSERT INTO `Autofpa`.`VehiculesOptions` (`idVehicules`, `idOptions`) VALUES (8, 3);
INSERT INTO `Autofpa`.`VehiculesOptions` (`idVehicules`, `idOptions`) VALUES (9, 5);

COMMIT;


-- -----------------------------------------------------
-- Data for table `Autofpa`.`Photos`
-- -----------------------------------------------------
START TRANSACTION;
USE `Autofpa`;
INSERT INTO `Autofpa`.`Photos` (`idPhotos`, `nomPhoto`, `idVehicules`) VALUES (1, 'image1.jpg', 1);
INSERT INTO `Autofpa`.`Photos` (`idPhotos`, `nomPhoto`, `idVehicules`) VALUES (2, 'image2.jpg', 1);
INSERT INTO `Autofpa`.`Photos` (`idPhotos`, `nomPhoto`, `idVehicules`) VALUES (3, 'image3.jpg', 2);
INSERT INTO `Autofpa`.`Photos` (`idPhotos`, `nomPhoto`, `idVehicules`) VALUES (4, 'image4.jpg', 2);
INSERT INTO `Autofpa`.`Photos` (`idPhotos`, `nomPhoto`, `idVehicules`) VALUES (5, 'image5.jpg', 3);
INSERT INTO `Autofpa`.`Photos` (`idPhotos`, `nomPhoto`, `idVehicules`) VALUES (6, 'image6.jpg', 3);
INSERT INTO `Autofpa`.`Photos` (`idPhotos`, `nomPhoto`, `idVehicules`) VALUES (7, 'image7.jpg', 4);
INSERT INTO `Autofpa`.`Photos` (`idPhotos`, `nomPhoto`, `idVehicules`) VALUES (8, 'image8.jpg', 4);
INSERT INTO `Autofpa`.`Photos` (`idPhotos`, `nomPhoto`, `idVehicules`) VALUES (9, 'image9.jpg', 5);
INSERT INTO `Autofpa`.`Photos` (`idPhotos`, `nomPhoto`, `idVehicules`) VALUES (10, 'image10.jpg', 5);
INSERT INTO `Autofpa`.`Photos` (`idPhotos`, `nomPhoto`, `idVehicules`) VALUES (11, 'image11.jpg', 6);
INSERT INTO `Autofpa`.`Photos` (`idPhotos`, `nomPhoto`, `idVehicules`) VALUES (12, 'image12.jpg', 6);
INSERT INTO `Autofpa`.`Photos` (`idPhotos`, `nomPhoto`, `idVehicules`) VALUES (13, 'image13.jpg', 7);
INSERT INTO `Autofpa`.`Photos` (`idPhotos`, `nomPhoto`, `idVehicules`) VALUES (14, 'image14.jpg', 7);
INSERT INTO `Autofpa`.`Photos` (`idPhotos`, `nomPhoto`, `idVehicules`) VALUES (15, 'image15.jpg', 8);
INSERT INTO `Autofpa`.`Photos` (`idPhotos`, `nomPhoto`, `idVehicules`) VALUES (16, 'image16.jpg', 8);
INSERT INTO `Autofpa`.`Photos` (`idPhotos`, `nomPhoto`, `idVehicules`) VALUES (17, 'image17.jpg', 9);
INSERT INTO `Autofpa`.`Photos` (`idPhotos`, `nomPhoto`, `idVehicules`) VALUES (18, 'image18.jpg', 9);
INSERT INTO `Autofpa`.`Photos` (`idPhotos`, `nomPhoto`, `idVehicules`) VALUES (19, 'image19.jpg', 10);
INSERT INTO `Autofpa`.`Photos` (`idPhotos`, `nomPhoto`, `idVehicules`) VALUES (20, 'image20.jpg', 10);

COMMIT;

